{
 "flash" : {
  "commands" : [
   {
    "args" : "-s ${flashDir} -f ${jtag_interface_cfg} -f ${jtag_init_cfg} -f ${jtag_x86_rom_cfg} -f ${jtag_release_cfg}",
    "timeout" : 60000,
    "retry" : 3,
    "tool" : "openocd_upstream",
    "restrict" : [
     "jtag_x86_rom",
     "jtag_x86_rom+bootloader",
     "jtag_full" ],
    "description": "Flash main core rom (jtag)"
   },
   {
    "args" : "-s ${flashDir} -f ${jtag_interface_cfg} -f ${jtag_init_cfg} -f ${jtag_x86_bootloader_cfg} -f ${jtag_release_cfg}",
    "timeout" : 120000,
    "retry" : 3,
    "restrict" : [
     "jtag_x86_bootloader",
     "jtag_x86_rom+bootloader",
     "jtag_full" ],
    "tool" : "openocd_upstream",
    "description": "Flash main core bootloader (jtag)"
   },
   {
    "args" : "-a panic -U ${panic_file}",
    "timeout" : 6000,
    "retry" : 1,
    "restrict" : "usb_full",
    "tool" : "dfuDownloader",
    "description": "Backup panic partition"
   },
   {
    "args" : "-a panic -D ${panic_erase_file}",
    "timeout" : 6000,
    "retry" : 1,
    "restrict" : "usb_full",
    "tool" : "dfuDownloader",
    "description": "Erase panic partition"
   },
   {
    "args" : "-a log -U ${log_file}",
    "timeout" : 120000,
    "retry" : 1,
    "mandatory" : false,
    "restrict" : "usb_full",
    "tool" : "dfuDownloader",
    "description": "Backup log partition"
   },
   {
    "args" : "-a sys_event -U ${events_file}",
    "timeout" : 12000,
    "retry" : 1,
    "mandatory" : false,
    "restrict" : "usb_full",
    "tool" : "dfuDownloader",
    "description": "Backup events partition"
   },
   {
    "args" : "-a sys_event -D ${events_erase_file}",
    "timeout" : 12000,
    "retry" : 1,
    "mandatory" : false,
    "restrict" : "usb_full",
    "tool" : "dfuDownloader",
    "description": "Erase Events partition"
   },
   {
    "args" : "-a x86_rom -U ${otp_file}",
    "timeout" : 3000,
    "retry" : 1,
    "restrict" : "usb_full",
    "tool" : "dfuDownloader",
    "description": "Backup otp partition"
   },
   {
    "args" : "--url http://goto.intel.com/ndg_crash_upload --work-dir ${flashDir} --file ${panic_file} --file ${log_file} --file ${events_file} --file ${otp_file} --json ${flashDir}/crash.json --org ndg --project curie_reference --type crash",
    "timeout" : 30000,
    "retry" : 2,
    "mandatory" : false,
    "restrict" : "usb_full",
    "tool" : "eventUploader",
    "description": "Upload factory, panic and system events to crashtool"
   },
   {
    "args" : "-a sensor_core -D ${x86_bootloader_binary}",
    "timeout" : 30000,
    "retry" : 3,
    "restrict" : [
     "usb_x86_bootloader",
     "usb_x86_rom+bootloader",
     "usb_full"],
    "tool" : "dfuDownloader",
    "description": "Flash main core bootloader (usb)"
   },
   {
    "args" : "-a x86_app -R -D ${bootupdater_binary}",
    "timeout" : 30000,
    "retry" : 3,
    "restrict" : [
     "usb_x86_bootloader",
     "usb_x86_rom+bootloader",
     "usb_full"],
    "tool" : "dfuDownloader",
    "description": "Flash bootupdater application (usb)"
   },
   {
    "duration":20000,
    "restrict":[
    "usb_x86_bootloader",
    "usb_full"],
    "tool": "sleep",
    "description": "waiting copy of bootloader ( by bootupdater application)"
   },
   {
    "args" : "-a fsbl -R -D ${x86_rom_binary}",
    "timeout" : 30000,
    "retry" : 3,
    "restrict" : [
     "usb_x86_rom",
     "usb_x86_rom+bootloader",
     "usb_full" ],
    "tool" : "dfuDownloader",
    "description": "Flash main core rom (usb)"
   },
   {
    "duration":4000,
    "restrict":[
    "usb_x86_bootloader",
    "usb_full"],
    "tool": "sleep",
    "description": "reboot"
   },
   {
    "args" : "-s ${flashDir} -f ${jtag_interface_cfg} -f ${jtag_init_cfg} -f ${jtag_x86_apps_cfg} -f ${jtag_release_cfg}",
    "timeout" : 120000,
    "retry" : 3,
    "restrict" : [
     "jtag_x86_apps",
     "jtag_full" ],
    "tool" : "openocd_upstream",
    "description": "Flash main core apps (jtag)"
   },
   {
    "args" : "-a x86_app -D ${x86_apps_binary}",
    "timeout" : 30000,
    "retry" : 3,
    "restrict" : [
     "usb_x86_apps",
     "usb_all_apps",
     "usb_full" ],
    "tool" : "dfuDownloader",
    "description": "Flash main core binary (usb)"
   },
   {
    "args" : "-s ${flashDir} -f ${jtag_interface_cfg} -f ${jtag_init_cfg} -f ${jtag_arc_apps_cfg} -f ${jtag_release_cfg}",
    "timeout" : 120000,
    "retry" : 3,
    "restrict" : [
     "jtag_arc_apps",
     "jtag_full" ],
    "tool" : "openocd_upstream",
    "description": "Flash sensor core apps (jtag)"
   },
   {
    "args" : "-a sensor_core -D ${arc_binary}",
    "timeout" : 30000,
    "retry" : 3,
    "restrict" : [
     "usb_arc_apps",
     "usb_all_apps",
     "usb_full" ],
    "tool" : "dfuDownloader",
    "description": "Flash sensor core binary (usb)"
   },
   {
    "args" : "-a factory1 -D ${factory_nonpersistent_erase_file}",
    "timeout" : 5000,
    "retry" : 1,
    "restrict" : [
     "usb_blank_persistent",
     "usb_full" ],
    "tool" : "dfuDownloader",
    "description": "Erase non persistent factory partition"
   },
   {
    "args" : "-a panic -D ${panic_erase_file}",
    "timeout" : 5000,
    "retry" : 1,
    "restrict" : [
     "usb_blank_persistent",
     "usb_full" ],
    "tool" : "dfuDownloader",
    "description": "Erase panic partition"
   },
   {
    "args" : "-a factory2 -D ${factory_persistent_erase_file}",
    "timeout" : 5000,
    "retry" : 1,
    "restrict" : [
     "usb_blank_persistent"
     ],
    "tool" : "dfuDownloader",
    "description": "Erase persistent factory partition"
   },
   {
    "args" : "-a snor -D ${erase_snor_file}",
    "timeout" : 6000000,
    "retry" : 1,
    "restrict" : [
     "usb_blank_persistent"
     ],
    "tool" : "dfuDownloader",
    "description": "Erase snor factory partition"
   },
   {
    "args" : "-a ble_core -D ${ble_binary}",
    "timeout" : 90000,
    "retry" : 3,
    "restrict" : [
     "usb_all_apps",
     "usb_ble_core_full",
     "usb_full"],
    "tool" : "dfuDownloader",
    "description": "Flash ble core binary (usb)"
   },
   {
    "args" : "-a data -R -D ${data_erase_file}",
    "timeout" : 10000,
    "retry" : 1,
    "restrict" : [
     "usb_blank_persistent",
     "usb_full" ],
    "tool" : "dfuDownloader",
    "description": "Erase data partition"
   }
 ],
  "configurations" : {
   "app_usb_bootupdater_apps" : {
    "brief" : "",
    "default" : false,
    "hiddenToEndUser" : true,
    "description" : "",
    "documentation" : "http://goto.intel.com/",
    "groupsState" : { },
    "name" : "app_usb_bootupdater_apps",
    "parameters" : {
    },
    "platforms" : ["generic"],
    "startState" : "pos"
   },
   "jtag_full" : {
    "brief" : "",
    "default" : false,
    "hiddenToEndUser" : true,
    "description" : "",
    "documentation" : "http://goto.intel.com/",
    "groupsState" : { },
    "name" : "jtag_full",
    "parameters" : {
    },
    "platforms" : ["jtag"],
    "startState" : "pos"
   },
   "jtag_x86_rom" : {
    "brief" : "",
    "default" : false,
    "hiddenToEndUser" : true,
    "description" : "",
    "documentation" : "http://goto.intel.com/",
    "groupsState" : { },
    "name" : "jtag_rom",
    "parameters" : {
    },
    "platforms" : ["jtag"],
    "startState" : "pos"
   },
   "jtag_x86_rom+bootloader" : {
    "brief" : "",
    "default" : false,
    "hiddenToEndUser" : false,
    "description" : "",
    "documentation" : "http://goto.intel.com/",
    "groupsState" : { },
    "name" : "jtag_rom+bootloader",
    "parameters" : {
    },
    "platforms" : ["jtag"],
    "startState" : "pos"
   },
   "jtag_x86_bootloader" : {
    "brief" : "",
    "default" : false,
    "hiddenToEndUser" : true,
    "description" : "",
    "documentation" : "http://goto.intel.com/",
    "groupsState" : { },
    "name" : "jtag_bootloader",
    "parameters" : {
    },
    "platforms" : ["jtag"],
    "startState" : "pos"
   },
   "jtag_x86_apps" : {
    "brief" : "",
    "default" : false,
    "hiddenToEndUser" : true,
    "description" : "",
    "documentation" : "http://goto.intel.com/",
    "groupsState" : { },
    "name" : "jtag_x86_apps",
    "parameters" : {
    },
    "platforms" : ["jtag"],
    "startState" : "pos"
   },
   "jtag_arc_apps" : {
    "brief" : "",
    "default" : false,
    "hiddenToEndUser" : true,
    "description" : "",
    "documentation" : "http://goto.intel.com/",
    "groupsState" : { },
    "name" : "jtag_arc_apps",
    "parameters" : {
    },
    "platforms" : ["jtag"],
    "startState" : "pos"
   },
   "usb_blank_persistent" : {
    "brief" : "",
    "default" : false,
    "hiddenToEndUser" : false,
    "description" : "",
    "documentation" : "http://goto.intel.com/",
    "groupsState" : { },
    "name" : "usb_blank_persistent",
    "parameters" : {
    },
    "platforms" : ["generic"],
    "startState" : "pos"
   },
   "usb_full" : {
    "brief" : "",
    "default" : true,
    "hiddenToEndUser" : false,
    "description" : "",
    "documentation" : "http://goto.intel.com/",
    "groupsState" : { },
    "name" : "usb_full",
    "parameters" : {
    },
    "platforms" : ["generic"],
    "startState" : "pos"
   },
   "usb_x86_rom" : {
    "brief" : "",
    "default" : false,
    "hiddenToEndUser" : true,
    "description" : "",
    "documentation" : "http://goto.intel.com/",
    "groupsState" : { },
    "name" : "usb_x86_rom",
    "parameters" : {
    },
    "platforms" : ["generic"],
    "startState" : "pos"
   },
   "usb_x86_bootloader" : {
    "brief" : "",
    "default" : false,
    "hiddenToEndUser" : true,
    "description" : "",
    "documentation" : "http://goto.intel.com/",
    "groupsState" : { },
    "name" : "usb_x86_bootloader",
    "parameters" : {
    },
    "platforms" : ["generic"],
    "startState" : "pos"
   },
   "usb_x86_rom+bootloader" : {
    "brief" : "",
    "default" : false,
    "hiddenToEndUser" : true,
    "description" : "",
    "documentation" : "http://goto.intel.com/",
    "groupsState" : { },
    "name" : "usb_x86_rom+bootloader",
    "parameters" : {
    },
    "platforms" : ["generic"],
    "startState" : "pos"
   },
   "usb_x86_apps" : {
    "brief" : "",
    "default" : false,
    "hiddenToEndUser" : true,
    "description" : "",
    "documentation" : "http://goto.intel.com/",
    "groupsState" : { },
    "name" : "usb_x86_apps",
    "parameters" : {
    },
    "platforms" : ["generic"],
    "startState" : "pos"
   },
   "usb_ble_core_full" : {
    "brief" : "",
    "default" : false,
    "hiddenToEndUser" : true,
    "description" : "",
    "documentation" : "http://goto.intel.com/",
    "groupsState" : { },
    "name" : "usb_ble_core_full",
    "parameters" : {
    },
    "platforms" : ["generic"],
    "startState" : "pos"
   },
   "usb_arc_apps" : {
    "brief" : "",
    "default" : false,
    "hiddenToEndUser" : true,
    "description" : "",
    "documentation" : "http://goto.intel.com/",
    "groupsState" : { },
    "name" : "usb_arc_apps",
    "parameters" : {
    },
    "platforms" : ["generic"],
    "startState" : "pos"
   },
   "usb_all_apps" : {
    "brief" : "",
    "default" : false,
    "hiddenToEndUser" : true,
    "description" : "",
    "documentation" : "http://goto.intel.com/",
    "groupsState" : { },
    "name" : "usb_all_apps",
    "parameters" : {
    },
    "platforms" : ["generic"],
    "startState" : "pos"
   }
  },
  "groups" : {
  },
  "parameters" : {
   "jtag_interface_cfg" : {
    "description" : "jtag interface configuration script",
    "name" : "jtag interface configuration script",
    "type" : "file",
    "value" : "interface/ftdi/atpdev.cfg"
   },
   "jtag_init_cfg" : {
    "description" : "jtag interface init script",
    "name" : "init script",
    "type" : "file",
    "value" : "init.cfg"
   },
   "jtag_x86_rom_cfg" : {
    "description" : "jtag interface flash x86 rom script",
    "name" : "flash x86 rom script",
    "type" : "file",
    "value" : "flash_x86_rom.cfg"
   },
   "jtag_x86_bootloader_cfg" : {
    "description" : "jtag interface flash x86 bootloader script",
    "name" : "x86 bootloader script",
    "type" : "file",
    "value" : "flash_x86_bootloader.cfg"
   },
   "jtag_x86_apps_cfg" : {
    "description" : "jtag interface flash x86 apps script",
    "name" : "x86 apps script",
    "type" : "file",
    "value" : "flash_x86_apps.cfg"
   },
   "jtag_arc_apps_cfg" : {
    "description" : "jtag interface flash arc apps script",
    "name" : "arc apps script",
    "type" : "file",
    "value" : "flash_arc_apps.cfg"
   },
   "arc_binary" : {
    "description" : "arc apps binary",
    "name" : "arc apps script",
    "type" : "file",
    "value" : "arc.bin"
   },
   "jtag_release_cfg" : {
    "description" : "jtag interface release script",
    "name" : "release script",
    "type" : "file",
    "value" : "release.cfg"
   },
   "x86_rom_binary" : {
    "description" : "x86 rom binary",
    "name" : "x86 rom binary",
    "type" : "file",
    "value" : "fsbl_quark.bin"
   },
   "x86_bootloader_binary" : {
    "description" : "x86 bootloader binary",
    "name" : "x86 bootloader binary",
    "type" : "file",
    "value" : "ssbl.signed.bin"
   },
   "x86_apps_binary" : {
    "description" : "x86 apps binary",
    "name" : "x86 apps binary",
    "type" : "file",
    "value" : "quark.signed.bin"
   },
   "bootupdater_binary" : {
    "description" : "bootupdater binary",
    "name" : "bootupdater binary",
    "type" : "file",
    "value" : "bootupdater.signed.bin"
   },
   "ble_binary" : {
    "description" : "ble binary",
    "name" : "ble binary",
    "type" : "file",
    "value" : "ble_core/image.bin"
   },
   "erase_snor_file" : {
    "description" : "Panic partition",
    "name" : "snor",
    "type" : "file",
    "value" : "erase_snor.bin"
   },
   "factory_nonpersistent_erase_file" : {
    "description" : "Non persistent factory partition",
    "name" : "factory1",
    "type" : "file",
    "value" : "erase_factory_nonpersistent.bin"
   },
   "factory_persistent_erase_file" : {
    "description" : "Persistent factory partition",
    "name" : "factory2",
    "type" : "file",
    "value" : "erase_factory_persistent.bin"
   },
   "data_erase_file" : {
    "description" : "Data partition",
    "name" : "data",
    "type" : "file",
    "value" : "erase_data.bin"
   },
   "panic_erase_file" : {
    "description" : "Panic partition",
    "name" : "panic",
    "type" : "file",
    "value" : "erase_panic.bin"
   }
   ,"events_erase_file" : {
    "description" : "System Events partition",
    "name" : "events",
    "type" : "file",
    "value" : "erase_events.bin"
   },
   "events_file" : {
    "description" : "Events partition",
    "name" : "events",
    "type" : "temporary_file",
    "value" : "history.bin"
   },
   "panic_file" : {
    "description" : "Panic partition",
    "name" : "panic",
    "type" : "temporary_file",
    "value" : "panic.bin"
   },
   "log_file" : {
    "description" : "Log partition",
    "name" : "log",
    "type" : "temporary_file",
    "value" : "log.bin"
   },
   "otp_file" : {
    "description" : "otp partition",
    "name" : "otp_partition",
    "type" : "temporary_file",
    "value" : "factory.bin"
   }
  },
  "version" : "3.1"
 }
}
